total_cost,fixed_cost,travel_cost,emission_cost,penalty_cost,route_count,served_stop_count
86695.58028047095,46000,22100.662573627167,4745.58251894475,13849.335187899029,115,148
